y,income,car_age
0,86.4,3
0,121.50000000000001,2
1,162,2
0,143.10000000000002,1
0,67.5,4
1,183.60000000000002,1
1,221.4,2
1,102.60000000000001,5
0,180.9,2
1,248.4,2
1,194.4,3
0,56.7,5
0,70.2,3
1,108,4
0,89.10000000000001,3
0,121.50000000000001,1
1,164.70000000000002,2
0,43.2,3
1,48.6,4
0,59.400000000000006,6
0,72.9,3
1,94.5,3
1,108,3
0,27,4
0,64.80000000000001,3
1,40.5,4
0,62.1,3
0,51.300000000000004,5
1,59.400000000000006,2
0,164.70000000000002,2
0,56.7,3
1,86.4,5
0,45.900000000000006,1
